English_United_States,English_United_States_Def,Arabic,Arabic_Def,French,French_Def,Finnish,Finnish_Def,German,German_Def,Italian,Italian_Def,Russian,Russian_Def,Spanish,Spanish_Def,Chinese_Hant,Chinese_Hant_Def
Address,"A Bitcoin address is similar to a physical address or an email. It is the only information you need to provide for someone to pay you with Bitcoin. An important difference, however, is that each address should only be used for a single transaction.",,,Adresse,"Une adresse Bitcoin est similaire à une adresse physique ou une adresse courriel. Il s'agit de la seule information que vous avez besoin de fournir pour que quelqu'un vous paie avec Bitcoin. Une différence importante toutefois, est que chaque adresse Bitcoin ne devrait être utilisée que pour une seule transaction.",,,Adresse,"Eine Bitcoin-Adresse ist wie eine Haus- oder E-Mail-Adresse. Es ist die einzige Information, die Sie weitergeben müssen, um Bitcoin-Zahlungen zu empfangen. Ein wichtiger Unterschied ist aber, dass man jede Adresse nur für eine einzige Transaktion verwenden sollte.",Indirizzo,"Un indirizzo Bitcoin è equivalente ad un indirizzo fisico o ad una e-mail. E' la sola informazione che devi fornire a qualcuno affinchè possa pagarti con Bitcoin. Una differenza importante, comunque, è che ogni indirizzo dovrebbe essere utilizzato unicamente per una singola transazione.",Адрес,"Биткойн-адрес похож на физический адрес или на е-мейл. Это единственная информация, которую вам нужно предоставить кому-либо, чтобы он вам заплатил при помощи Биткойна. Единственная разница в том, что каждый адрес следует использовать лишь для одной транзакции.",Dirección,"Una direccion Bitcoin es parecida a una dirección física o correo electrónico. Es la única información que tiene que dar a alguien para recibir un pago en Bitcoin. Sin embargo, hay una diferencia importante, y es que cada dirección sólo debería usarse para una transacción.",,
Bit,"Bit is a common unit used to designate a sub-unit of a bitcoin - 1,000,000 bits is equal to 1 bitcoin (BTC). This unit is usually more convenient for pricing tips, goods and services.",,,Bit,"Bit est une unité courante utilisée pour désigner une sous-unité d'un bitcoin - 1 000 000 bits est égal à 1 bitcoin (BTC or ₿). Cette unité est souvent plus pratique pour fixer les prix des pourboires, des biens et des services.",,,Bit,"Bit ist eine häufig verwendete Einheit und stellt den Bruchteil eines ganzen Bitcoins dar - 1.000.000 Bits entsprechen einem Bitcoin (BTC). Bits sind häufig besser dafür geeignet, die Preise von Trinkgeld, Waren und Dienstleistungen anzugeben.",Bit,"Il bit è un'unità comune utilizzata per indicare una sotto-unità del bitcoin - 1,000,000 di bit equivalgono a 1 bitcoin (BTC). Questa unità è solitamente più appropriata per dare un valore a una mancia, oggetti e servizi.",Бит,Бит - это широко используемая дробная номинация биткойна. 1 000 000 (миллион) битов равен одному биткойну (BTC или ₿). В битах гораздо удобнее указывать цены товаров и услуг и оставлять чаевые.,Bit,,,
Bitcoin,"Bitcoin - with capitalization, is used when describing the concept of Bitcoin, or the entire network itself. e.g. ""I was learning about the Bitcoin protocol today.""",,,Bitcoin,"Bitcoin - avec une majuscule, est utilisé pour décrire le concept du Bitcoin ou le réseau lui-même. Ex. ""Je me suis intéressé au protocole Bitcoin aujourd'hui""",,,Bitcoin,"""Bitcoin"" wird zur Beschreibung des Konzepts von Bitcoin, aber auch für das gesamte Bitcoin-Netzwerk verwendet. Zum Beispiel: ""Ich habe heute etwas über das Bitcoin-Protokoll gelernt"".",Bitcoin,"Bitcoin - con la maiuscola, è usata quando si descrive il concetto di Bitcoin, o l'intero network stesso. Per esempio "" Oggi stavo studiando il protocollo di Bitcoin.""",Биткойн,"Биткойн - с заглавной буквы, используется для описания концепции Биткойна, или всей сети в целом. Например: ""Я сегодня изучал протокол Биткойна"".",Bitcoin,"Bitcoin - con B mayúscula, se utiliza para describir el concepto de Bitcoin, o la totalidad de la red. Por ejemplo: ""Hoy estuve aprendiendo sobre el protocolo Bitcoin.""",,
bitcoin,"bitcoin - without capitalization, is used to describe bitcoins as a unit of account. e.g. ""I sent ten bitcoins today.""; it is also often abbreviated BTC or XBT.",,,bitcoin,"bitcoin - sans majuscule, est utilisé pour désigner les bitcoins en tant qu'unité de compte. Ex. ""J'ai envoyé dix bitcoins aujourd'hui"". On le retrouve souvent sous sa forme abrégée BTC ou XBT.",,,Bitcoin,"""Bitcoin"" wird aber auch als Rechnungseinheit verwendet. Zum Beispiel: ""Ich habe heute zehn Bitcoins versendet"". Als Rechnungseinheit wird er häufig mit BTC oder XBT abgekürzt.",bitcoin,"bitcoin - senza maiuscola, è usata per descrivere i bitcoin come un'unità di conto. Per esempio ""Ti ho mandato dieci bitcoin oggi.""; inoltre, è spesso abbreviato in BTC o XBT.",биткойн,"Для обозначения валюты или расчетной единицы используется слово с прописной буквы: биткойн, биткойны. Например: ""Я послал 10 биткойнов сегодня.""; также часто используется аббревиатура BTC или XBT.",bitcoin,"bitcoin - sin mayúscula, se utiliza para describir una unidad del mismo. Por ejemplo: ""Hoy he enviado diez bitcoins.""; a menudo se abrevia como BTC o XBT.",,
Blockchain,The block chain is a public record of Bitcoin transactions in chronological order. The block chain is shared between all Bitcoin users. It is used to verify the permanence of Bitcoin transactions and to prevent double spending.,,,Chaine de blocs,La chaine de blocs est un journal public de toutes les transactions Bitcoin par ordre chronologique. Elle est partagée entre tous les utilisateurs du réseau Bitcoin. Elle est utilisée pour vérifier la permanence des transactions Bitcoin et empêcher la double dépense.,,,Blockchain,"Die Blockchain ist ein chronologisch geordnetes öffentliches Register aller Bitcoin-Transaktionen. Alle Bitcoin-Nutzer teilen sich die selbe Blockchain. Sie wird verwendet, um die Beständigkeit von Bitcoin-Transaktionen zu bestätigen und um doppelte Ausgaben zu verhindern.",Block Chain,La block chain è un registro pubblico delle transazioni Bitcoin in ordine cronologico. La block chain è condivisa tra tutti gli utenti Bitcoin. È utilizzata per verificare la permanenza delle transazioni Bitcoin e per prevenire double spending.,Цепочка блоков,Цепочка блоков (блокчейн) - это публичная запись всех биткойн-транзакций в хронологическом порядке. Цепочка блоков едина для всех пользователей Биткойна. Она используется для обеспечения неизменности биткойн-транзакций и для предотвращения двойных трат.,Cadena de bloques,La cadena de bloques es un registro público de las transacciones Bitcoin en orden cronológico. La cadena de bloques se comparte entre todos los usuarios de Bitcoin. Se utiliza para verificar la estabilidad de las transacciones Bitcoin y para prevenir el doble gasto.,,
Block,"A block is a record in the block chain that contains and confirms many waiting transactions. Roughly every 10 minutes, on average, a new block including transactions is appended to the block chain through mining.",,,Bloc,"Un bloc est un enregistrement dans la chaine de blocs qui contient et confirme plusieurs transactions en attente. Toutes les 10 minutes, en moyenne, un nouveau bloc contenant des transactions est ajouté à la chaine de blocs par le minage.",,,Block,"Ein Block ist ein Datensatz in der Blockchain, der viele ausstehende Transaktionen enthält und bestätigt. Durch Miningwird durchschnittlich alle 10 Minuten ein neuer Block inkl. Transaktionen an die Blockchain angehangen.",Blocco,"Un blocco è una parte della blockchain che contiene e conferma molte transazioni in attesa. In media circa ogni 10 minuti un nuovo blocco, che include delle transazioni, viene aggiunto alla blockchain attraverso il processo di mining.",Блок,"Блок - это запись в цепочке блоков, которая содержит в себе множество ожидающих подтверждения транзакций и подтверждает их. Грубо говоря, каждые 10 минут благодаря майнингу в цепочку добавляется новый блок транзакций.",Bloque,"Un bloque es un registro en la cadena de bloques que contiene confirmaciones de transacciones pendientes. Aproximadamente cada 10 minutos, en promedio, un nuevo bloque que incluye nuevas transacciones se anexa a la cadena de bloques a traves de la minería.",,
BTC,BTC is a common unit used to designate one bitcoin.,,,BTC,BTC est une unité courante pour désigner un bitcoin (₿).,,,BTC,BTC ist eine gängige Einheit für einen Bitcoin.,BTC,Il BTC è un'unità comune utilizzata per designare un bitcoin.,BTC,Сокращение BTC часто используется для обозначение одного биткойна (также ₿).,BTC,"BTC es la unidad común de la moneda Bitcoin. Puede utilizarse igual que se utiliza USD cuando nos referimos al dólar estadounidense, en lugar de usar ₿ o $ para referirnos a ellos.",,
Confirmation,"Confirmation means that a transaction has been processed by the network and is highly unlikely to be reversed. Transactions receive a confirmation when they are included in a block and for each subsequent block. Even a single confirmation can be considered secure for low value transactions, although for larger amounts like $1000 USD, it makes sense to wait for 6 confirmations or more. Each confirmation exponentially decreases the risk of a reversed transaction.",,,Confirmation,"Une confirmation signifie qu'une transaction a été traitée par le réseau et que ses chances d'être renversée sont quasiment inexistantes. Les transactions reçoivent une confirmation lorsqu'elles sont incluses dans un bloc et pour chaque bloc subséquent. Même une seule confirmation peut offrir une sécurité suffisante pour de petites transactions, alors que pour de plus grandes sommes telles que 1 000 $, il est prudent d'attendre 6 confirmations ou plus. Chaque confirmation diminue exponentiellement le risque d'un renversement de transaction.",,,Bestätigung,"Bestätigung bedeutet, dass eine Transaktion durch das Netzwerk verifiziert wurde und eine Rückabwicklung sehr unwahrscheinlich ist. Transaktionen erhalten eine Bestätigung, wenn sie in einen Block aufgenommen werden, sowie für jeden darauffolgenden Block. Selbst eine einzelne Bestätigung kann für kleine Transaktionen als sicher angesehen werden, wobei es bei größeren Geldmengen (z.B. 1000€) sinnvoll ist auf sechs oder mehr Bestätigungen zu warten. Jede neue Bestätigung reduziert das Risiko einer Rückabwicklung exponentiell.",Conferma,"La conferma indica che una transazione è stata processata dalla rete ed è altamente improbabile che sia annullata. Le transazioni ricevono una conferma quando sono incluse in un blocco e ad ogni blocco successivo. Anche una singola conferma può essere considerata sicura per transazioni di basso valore, sebbene per cifre maggiori come $1000 USD, è consigliabile attendere almeno 6 conferme. Ogni conferma diminuisce esponenzialmente il rischio che una transazione sia annullata.",Подтверждение,"Подтверждение означает, что транзакция была обработана сетью и почти наверняка не будет отменена. Транзакции получают подтверждения, когда они включены в блок и во все последующие блоки. Даже единственное подтверждение может быть сочтено безопасным для транзакции небольшого объема, тем не менее, для больших сумм, таких как 1000 долларов США и более, будет разумно подождать не менее 6 подтверждений. Каждое подтверждение экспоненциально уменьшает риск отмены транзакции.",Confirmación,"Una confirmación significa que una transacción ha sido procesada por la red y es poco probable que sea revertida. Las transacciones son confirmadas cuando son incluidas en un bloque y por cada bloque siguiente. Incluso una única confirmación se puede considerar segura para transacciones pequeñas, aunque para transacciones más grandes como 1000 USD, tiene sentido esperar hasta 6 confirmaciones o más. Cada confirmación reduce exponecialmente el riesgo de que la transacción sea revertida.",,
Cryptography,"Cryptography is the branch of mathematics that lets us create mathematical proofs that provide high levels of security. Online commerce and banking already uses cryptography. In the case of Bitcoin, cryptography is used to make it impossible for anybody to spend funds from another user's wallet or to corrupt the block chain. It can also be used to encrypt a wallet, so that it cannot be used without a password.",,,Cryptographie,"La cryptographie est une branche des mathématiques qui permet de créer des preuves mathématiques qui offrent un haut niveau de sécurité. Les commerces et banques en ligne utilisent déjà la cryptographie. Avec Bitcoin, la cryptographie est utilisée pour empêcher quiconque de dépenser les fonds provenant du portefeuille d'un autre utilisateur et pour empêcher la corruption de la chaine de blocs. Elle peut aussi être utilisée pour chiffrer un portefeuille afin qu'il ne puisse être utilisé qu'avec un mot de passe.",,,Kryptographie,"Kryptographie ist ein Teilgebiet der Mathematik, mit dessen Hilfe mathematische Beweise erstellt werden, die ein hohes Maß an Sicherheit bieten. Der Online-Handel und Banken nutzen Kryptographie bereits. Im Falle von Bitcoin wird Kryptographie verwendet, um auszuschließen, dass jemand Geld aus fremden Wallets ausgibt oder die Blockchain manipuliert. Kryptographie kann auch verwendet werden, um eine Wallet zu verschlüsseln, so dass sie nicht ohne Passwort verwendet werden kann.",Crittografia,"La crittografia è quella branca della matematica che ci consente di creare prove matematiche che forniscono elevati livelli di sicurezza. Il commercio e le operazioni bancarie online impiegano già la crittografia. Nel caso di Bitcoin la crittografia è impiegata per rendere impossibile a chiunque di spendere del denaro dal portafoglio di un altro utente o alterare la block chain. Può essere anche utilizzata per criptare un portafoglio, in modo che non possa essere usato senza una passowrd.",Криптография,"Криптография - это область знаний, изучающая методы обеспечения секретности сообщения, надежность которых доказывается математически. В интернет-коммерции и банковском деле уже давно используются криптографические методы. В Биткойне криптография используется для предотвращения возможности потратить средства из чужого кошелька или повредить цепочку блоков. Помимо этого, она используется для шифрования кошелька, чтобы его нельзя было использовать без пароля.",Criptografía,"La criptografía es la rama de las matemáticas que nos permite crear pruebas matemáticas que proporcionan altos niveles de seguridad. El comercio en línea y los bancos ya utilizan criptografía. En el caso de Bitcoin, la criptografía se utiliza para hacer imposible que alguien pueda gastar los fondos del monedero de otro usuario o que se pueda corromper la cadena de bloques. También se utilizada para encriptar un monedero, de manera que no se pueda utilizar sin una contraseña.",,
Double Spend,"If a malicious user tries to spend their bitcoins to two different recipients at the same time, this is double spending. Bitcoin mining and the block chain are there to create a consensus on the network about which of the two transactions will confirm and be considered valid.",,,Double dépense,"Si un utilisateur mal intentionné essaie de dépenser ses bitcoins auprès de deux destinataires différents au même moment, il s'agit d'une double dépense. Le minage et la chaine de blocs existent pour créer un consensus dans le réseau afin de décider laquelle des deux transactions sera confirmée et considérée valide.",,,Doppelausgabe,"Wenn ein bösartiger Nutzer versucht Bitcoins gleichzeitig an zwei verschiedene Empfänger zu versenden, wird von doppelter Ausgabe (engl. Double Spending) gesprochen. Bitcoin-Mining und die Blockchain sind dazu da, im Netzwerk ein Konsens zu bilden, welche der beiden Transaktionen bestätigt und als gültig angesehen wird.",Double Spend,"Se un utente malintenzionato prova a spendere i propri bitcoin verso due diversi riceventi contemporaneamente, si tratta di doppia spesa. Il mining di Bitcoin ed il block chain esistono per creare un consenso sulla rete, per decidere quale delle due transazioni sia considerata valida.",Повторное расходование,"Если злоумышленник пробует потратить свои биткойны на две разные сделки, в одно и тоже время, это называется двойной тратой. Биткойн-майнинги цепочка блоков существуют, чтобы сеть могла однозначно согласовать, которую из этих транзакций подтвердить, и соответственно считать действительной.",Doble gasto,Cuando un usuario malintencionado intenta gastar sus bitcoins en dos destinatarios al mismo tiempo se denomina doble gasto. La minería de Bitcoin y la cadena de bloques permiten crear un consenso en la red acerca de cuál de las dos transacciones es considerada válida.,,
Hash Rate,"The hash rate is the measuring unit of the processing power of the Bitcoin network. The Bitcoin network must make intensive mathematical operations for security purposes. When the network reached a hash rate of 10 Th/s, it meant it could make 10 trillion calculations per second.",,,Taux de hachage,"Le taux de hachage est l'unité de mesure de la puissance de traitement du réseau Bitcoin. Le réseau Bitcoin doit faire des calculs mathématiques intensifs pour des raisons de sécurité. Quand le réseau a atteint un taux de hachage de 10 Th/s, ceci signifiait que le réseau pouvait faire 10 billions de calculs par secondes.",,,Hashrate,"Die Hashrate ist die Maßeinheit für die Rechenleistung des Bitcoin-Netzwerks. Aus Sicherheitsgründen muss das Bitcoin-Netzwerk aufwendige mathematische Rechenoperationen durchführen. Wenn das Netzwerk eine Hashrate von 10 TH/s erreicht, heißt das, dass es 10 Billionen Berechnungen pro Sekunde durchführen kann.",Hash Rate,"Per hash rate si intende l'unità di misura della potenza di elaborazione della rete Bitcoin. Per fini di sicurezza la rete Bitcoin deve eseguire delle operazioni matematiche intensive. Quando la rete raggiunge un hash rate di 10 Th/s, significa che può realizzare un trilione di calcoli al secondo.",Хэшрейт,"Мощность хэширования (хэшрейт) - это единица измерения вычислительной мощности сети Биткойн. Сеть Биткойн должна производить сложные математические вычисления в целях обеспечения безопасности. Когда сеть достигает хэшрейта 10 Терахэшей в секунду, это означает, что она может выполнять 10 триллионов вычислений за 1 секунду.",Velocidad Hash,"La tasa de hash o ""hash rate"" es la unidad de medida de la potencia de procesamiento de la red Bitcoin. La red Bitcoin debe hacer intensivas operaciones matemáticas por razones de seguridad. Cuando la red alcanza un hash rate de 10 TH/s significa que puede hacer 10 billones de cálculos por segundo.",,
Mining,"Bitcoin mining is the process of making computer hardware do mathematical calculations for the Bitcoin network to confirm transactions and increase security. As a reward for their services, Bitcoin miners can collect transaction fees for the transactions they confirm, along with newly created bitcoins. Mining is a specialized and competitive market where the rewards are divided up according to how much calculation is done. Not all Bitcoin users do Bitcoin mining, and it is not an easy way to make money.",,,Minage,"Le minage de bitcoins est l'utilisation de matériel informatique pour effectuer des calculs mathématiques pour le réseau Bitcoin afin de confirmer des transactions et d'augmenter la sécurité. Comme récompense pour leurs services, les mineurs de bitcoins peuvent recevoir les frais de transaction pour les transactions qu'ils confirment et pour les bitcoins nouvellement créés. Le minage est un marché spécialisé compétitif où les récompenses sont divisées en fonction du nombre de calculs effectués. Tous les utilisateurs de Bitcoin ne font pas de minage et il ne s'agit pas d'une manière facile pour faire de l'argent.",,,Mining,"Bitcoin-Mining ist die Durchführung mathematischer Berechnungen durch Computer Hardware, um Bitcoin-Transaktionen zu bestätigen und die Sicherheit zu erhöhen. Als Belohnung für ihre Dienste können Bitcoin-Miner Transaktionsgebühren für von ihnen bestätigte Transaktionen und neu erschaffene Bitcoins sammeln. Mining ist ein spezialisierter und wettbewerbsgetriebener Markt, die Belohnungen werden je nach geleisteter Rechenarbeit aufgeteilt. Nicht alle Bitcoin-Nutzer betreiben Mining, und es ist kein einfacher Weg, an Geld zu kommen.",Mining,"Per mining si intende il processo che fa eseguire all'hardware del computer calcoli matematici al fine di confermare le transazioni ed aumentare la sicurezza della rete Bitcoin. Come ricompensa per il loro servizio, i miner (minatori) di Bitcoin possono incassare delle commissioni sulle transazioni che confermano insieme ai nuovi bitcoin appena creati. Quello del mining è un mercato specializzato e competitivo dove le ricompense sono divise in base a quanti calcoli sono stati eseguiti. Non tutti gli utenti Bitcoin si cimentano nel mining e non è un modo facile per fare soldi.",Майнинг,"Майнинг биткойнов - это процесс, подразумевающий использование аппаратных ресурсов компьютера с целью выполнения математических вычислений для подтверждения транзакций и обеспечения безопасности сети Биткойн. В качестве вознаграждения за свои услуги майнеры получают средства за подтвержденные транзакции - вновь создаваемые биткойны. Майнинг - это специфичный и конкурентный рынок, на котором вознаграждение делиться в соответствии с количеством выполненных вычислений. Не все биткойн-пользователи используют майнинг, это не легкий способ заработать.",Minería,"La minería en Bitcoin es el proceso de realizar cálculos matemáticos mediante computadoras para confirmar las transacciones en la red Bitcoin e incrementar la seguridad. Como recompensa por sus servicios, los mineros Bitcoin pueden cobrar los costos de transacción de las transacciones que confirman junto con bitcoins nuevos que se crean en cada bloque. La minería es un mercado especializado y competitivo en el que los beneficios se reparten de acuerdo a la cantidad de cálculos que se hacen. No todos los usuarios de Bitcoin realizan minería y no es una manera fácil de hacer dinero.",,
P2P,"Peer-to-peer refers to systems that work like an organized collective by allowing each individual to interact directly with the others. In the case of Bitcoin, the network is built in such a way that each user is broadcasting the transactions of other users. And, crucially, no bank is required as a third party.",,,P2P,"Pair à pair fait référence à des systèmes qui fonctionnent comme une collectivité organisée en permettant à chaque individu d'interagir directement avec les autres. Dans le cas de Bitcoin, le réseau est construit de manière à ce que chaque utilisateur diffuse les transactions des autres utilisateurs. Et, chose cruciale, aucune banque n'est requise en tant que tierce partie.",,,P2P,"Der Begriff ""Peer-To-Peer"" bezeichnet Systeme, die wie ein organisiertes Kollektiv arbeiten indem jeder Einzelne direkt mit den anderen interagiert. Im Fall von Bitcoin ist das Netzwerk so ausgelegt, dass jeder Nutzer die Transkationen anderer Nutzer übermittelt. Und, noch wichtiger: es wird keine Bank als dritte Instanz benötigt.",P2P,"Per peer to peer si intendono i sistemi che funzionano come un collettivo organizzato permettendo ad ogni individuo di interagire direttamente con gli altri. Nel caso di Bitcoin, la rete è costruita in modo che ogni utente trasmetta le transazioni degli altri utenti. E, fatto di importanza cruciale, nessuna banca è richiesta come terzi.",P2P,"Термин peer to peer означает систему, которая работает как организованное сообщество, давая возможность каждому участнику напрямую взаимодействовать с остальными. Сеть Биткойн построена таким образом, что каждый пользователь транслирует транзакции остальных. Ключевым моментом является то, что для работы не требуется никакой банк или другой посредник.",P2P,"Punto a punto se refiere a los sistemas que trabajan como una organización colectiva, permitiendo que cada individuo interactúe directamente con otros. En el caso de Bitcoin, la red se construye de tal manera que cada usuario está transmitiendo transacciones de otros usuarios. Y algo muy importante, ningún banco se requiere como intermediario.",,
Private Key,A private key is a secret piece of data that proves your right to spend bitcoins from a specific wallet through a cryptographic signature. Your private key(s) are stored in your computer if you use a software wallet; they are stored on some remote servers if you use a web wallet. Private keys must never be revealed as they allow you to spend bitcoins for their respective Bitcoin wallet.,,,Clé privée,"Une clé privée est une information secrète qui prouve votre droit de dépenser des bitcoins à partir d'un portefeuille défini grâce à une signature cryptographique. Vos clés privées sont stockées dans votre ordinateur si vous utilisez un portefeuille logiciel, tandis qu'elles sont stockées sur quelques serveurs en ligne si vous utilisez un portefeuille Web. Les clés privées ne doivent jamais être révélées car elles permettent de dépenser les bitcoins de leur portefeuille respectif.",,,Privater Schlüssel,"Ein privater Schlüssel ist ein geheimer Datenblock, der über eine kryptographische Signatur Ihr Recht beweisst, Bitcoins einer bestimmten Bitcoin-Wallet ausgeben zu dürfen. Ihre privaten Schlüssel sind auf Ihrem Computer gespeichert, wenn Sie eine Software-Wallet verwenden, oder auf entfernten Servern, wenn Sie eine Web-Wallet nutzen. Private Schlüssel dürfen niemals preisgegeben werden, da mit ihnen die Bitcoins der jeweiligen Wallets ausgegeben werden können.",Chiave Privata,Una chiave privata è una parte di dati segreti che provano che sei tu ad utilizzare bitcoin da un determinato portafoglio attraverso una firma crittografata . La tua chiave privata (o chiavi private) è conservata nel tuo computer se utilizzi un portafoglio software; è invece conservata in un server remoto se utilizzi un portafoglio web. La chiave privata non deve essere rivelata ad altri in quanto ti permette di utilizzare i fondi dal tuo portafoglio Bitcoin,Приватный ключ,"Приватный ключ это секретная информация, которая подтверждает ваше право тратить биткойны при помощи специального кошелька посредством криптографической подписи. Ваш приватный ключ (ключи) хранятся на вашем компьютере, если вы используете программный кошелек; они хранятся на удаленных серверах, если вы используете интернет кошелек. Не следует публично разглашать свои ключи, потому что они позволяют тратить биткойны из относящегося к ним кошелька.",Llave Privada,Una clave privada es una pieza secreta de datos que acredita su derecho a gastar Bitcoins de un monedero Bitcoin por medio de una firma criptográfica. Sus clave(s) privadas se almacenan en su ordenador si utiliza un monedero de escritorio; mientras que si utiliza un monedero web serán almacenadas en servidores remotos del proveedor. Las claves privadas nunca deben ser compartidas ya que le permiten gastar bitcoins desde su monedero correspondiente.,,
Signature,"A cryptographic signature is a mathematical mechanism that allows someone to prove ownership. In the case of Bitcoin, a Bitcoin wallet and its private key(s) are linked by some mathematical magic. When your Bitcoin software signs a transaction with the appropriate private key, the whole network can see that the signature matches the bitcoins being spent. However, there is no way for the world to guess your private key to steal your hard-earned bitcoins.",,,Signature,"Une signature cryptographique est un mécanisme mathématique qui permet à quelqu'un de prouver sa propriété. Dans le cas de Bitcoin, un portefeuille Bitcoin et ses clés privées sont liés par la magie des mathématiques. Quand votre logiciel Bitcoin signe une transaction avec la clé privée appropriée, le réseau entier peut voir que la signature correspond aux bitcoins dépensés. Cependant, il n'existe aucun moyen de deviner votre clé privée afin de voler vos bitcoins durement gagnés.",,,Signatur,"Eine kryptographische Signatur ist ein mathematischer Mechanismus, um Eigentumsrechte nachzuweisen. Im Fall von Bitcoin wird eine Bitcoin-Wallet und deren private Schlüssel durch eine Art mathematische Magie miteinander verknüpft. Wenn Ihre Bitcoin-Software eine Transaktion mit dem passenden privaten Schlüssel signiert, kann das ganze Netzwerk sehen, dass die Signatur zu den ausgegebenen Bitcoins passt. Dennoch kann niemand Ihren privaten Schlüssel erraten, um so Ihre hart verdienten Bitcoins zu stehlen.",Firma,Firma,Подпись,"Криптографическая подпись - это математический механизм, позволяющий кому-либо доказать право собственности. В случае с Биткойном, биткойн-кошелек и содержащийся в нем секретный ключ(ключи) имеют неразрывную математическую связь. Когда ваша программа-кошелек подписывает транзакцию правильным приватным ключом, вся сеть видит, что ключи совпадают, и биткойны переводятся. Однако, нет никакого способа угадать ваш приватный ключ, чтобы украсть ваши с трудом заработанные биткойны.",Firma,"Una firma criptográfica es un mecanismo matemático que permite a alguien demostrar su propiedad. En el caso de Bitcoin, un monedero Bitcoin y su clave(s) privada esta vinculada por algún tipo de magia matemática. Cuando su programa de Bitcoin firma una transacción con la clave privada correspondiente, toda la red puede ver que la firma coincide con los bitcoins gastados. Sin embargo, no hay forma de que el mundo descubra la clave privada para robar sus bitcoins.",,
Wallet,"A Bitcoin wallet is loosely the equivalent of a physical wallet on the Bitcoin network. The wallet actually contains your private key(s) which allow you to spend the bitcoins allocated to it in the block chain. Each Bitcoin wallet can show you the total balance of all bitcoins it controls and lets you pay a specific amount to a specific person, just like a real wallet. This is different to credit cards where you are charged by the merchant.",,,Portefeuille,"Un portefeuille Bitcoin est vaguement l'équivalent d'un portefeuille physique sur le réseau Bitcoin. Un portefeuille contient en fait vos clés privées qui vous permettent de dépenser les bitcoins qui leurs sont associées dans la chaine de blocs. Chaque portefeuille Bitcoin peut afficher le solde de tous les bitcoins qu'il contrôle et vous permet de payer un montant spécifique à une personne spécifique, de la même façon qu'un vrai portefeuille. Ce qui est différent des cartes de crédit où le commerçant vous facture directement.",,,Wallet,"Eine Bitcoin-Wallet ist im Bitcoin-Netzwerk das Gegenstück zu einer echten Geldbörse. Genau genommen enthält die Wallet Ihre privaten Schlüssel, die Ihnen das Recht geben, die Bitcoins auszugeben, die in der Blockchain diesen Schlüsseln zugewiesen sind. Jede Bitcoin-Wallet kann Ihnen den aktuellen Kontostand anzeigen und ermöglicht es Ihnen, eine bestimmte Geldmenge an bestimmte Personen zu zahlen, genau wie mit einer echten Geldbörse. Das ist anderrs als bei Kreditkarten, bei denen das Geld vom Händler eingezogen wird.",Portafoglio,"Un portafoglio di Bitcoin è circa l'equivalente di un portafoglio materiale sul network di Bitcoin. In realtà il tuo portafoglio contiene le chiavi private che ti permettono di usare i bitcoin allocati nella block chain. Ogni portafoglio Bitcoin può mostrarti il bilancio totale di tutti i bitcoin che controlla e ti permette di pagare cifre precise ad una persona specifica, come un vero portafoglio. Questo è diverso dalla carte di credito dove ti sono addebitate le spese dal commerciante.",Кошелек,"Биткойн-кошелек, если по простому, то это эквивалент физического кошелька в сети Биткойн. Кошелек на самом деле содержит ваш приватный ключ(ключи), что позволяет вам тратить биткойны размещенные в цепочке блоков. Каждый биткойн-кошелек показывает баланс всех биткойнов, которые он контролирует, и позволяет вам заплатить конкретную сумму конкретному человеку, как и физический кошелек. Он отличается от кредитных карт, где с вас списывает средства продавец.",Monedero,"Un monedero Bitcoin es aproximadamente equivalente a un monedero físico en la red Bitcoin. El monedero realmente contiene su clave(s) privada que le permite gastar los bitcoins asignados a la clave en la cadena de bloques. Cada monedero Bitcoin puede mostrarle la cantidad de bitcoins que contiene y le permite pagar una cantidad especifica a una persona especifica, como un monedero de verdad. Es diferente a una tarjeta de credito donde eres cobrado por el comerciante.",,
51 percent attack,The ability of someone controlling a majority of network hash rate to revise transaction history and prevent new transactions from confirming.<br/><br/><br/>,,,,,,,,,,,,,,,,
Base58check,"The method used in Bitcoin for converting 160-bit hashes into P2PKH and P2SH addresses. Also used in other parts of Bitcoin, such as encoding private keys for backup in WIP format. Not the same as other base58 implementations.",,,,,,,,,,,,,,,,
Block header,An 80-byte header belonging to a single block which is hashed repeatedly to create proof of work.,,,,,,,,,,,,,,,,
Height,"The number of blocks preceding a particular block on a block chain. For example, the genesis block has a height of zero because zero block preceded it.",,,,,,,,,,,,,,,,
Block reward,The amount that miners may claim as a reward for creating a block. Equal to the sum of the block subsidy (newly available satoshis) plus the transactions fees paid by transactions included in the block.,,,,,,,,,,,,,,,,
Maximum Block Size,The maximum size of a block according to the consensus rules. The current block size limit is 4 million weight units (1 million vbytes).,,,,,,,,,,,,,,,,
Blocks-first sync,Synchronizing the block chain by downloading each block from a peer and then validating it.,,,,,,,,,,,,,,,,
Bloom filter,A filter used primarily by SPV clients to request only matching transactions and merkle blocks from full nodes.,,,,,,,,,,,,,,,,
Chain code,"In HD wallets, 256 bits of entropy added to the public and private keys to help them generate secure child keys; the master chain code is usually derived from a seed along with the master private key",,,,,,,,,,,,,,,,
Change address,"An output in a transaction which returns satoshis to the spender, thus preventing too much of the input value from going to transaction fees.",,,,,,,,,,,,,,,,
Child key,"In HD wallets, a key derived from a parent key. The key can be either a private key or a public key, and the key derivation may also require a chain code.",,,,,,,,,,,,,,,,
Coinbase,A special field used as the sole input for coinbase transactions. The coinbase allows claiming the block reward and provides up to 100 bytes for arbitrary data.,,,,,,,,,,,,,,,,
Coinbase transaction,"The first transaction in a block. Always created by a miner, it includes a single coinbase.",,,,,,,,,,,,,,,,
CompactSize,A type of variable-length integer commonly used in the Bitcoin P2P protocol and Bitcoin serialized data structures.,,,,,,,,,,,,,,,,
Compressed public key,An ECDSA public key that is 33 bytes long rather than the 65 bytes of an uncompressed public key.,,,,,,,,,,,,,,,,
Confirmation score,A score indicating the number of blocks on the best block chain that would need to be modified to remove or modify a particular transaction. A confirmed transaction has a confirmation score of one or higher.,,,,,,,,,,,,,,,,
Consensus,When several nodes (usually most nodes on the network) all have the same blocks in their locally-validated best block chain.,,,,,,,,,,,,,,,,
